INDEX_DATE,ITEM_ID,ITEM_DESC,INDEX_ALGORITHM,ITEM_INDEX,ALL_GM_INDEX,COICOP_WEIGHT,ITEM_WEIGHT,CPIH_COICOP_WEIGHT
202411,210102,LGE LOAF-WHTE-UNSLED-750-800G,1,101.889,102.267,0.421,0.27,0.34
202411,210106,SIX BREAD ROLLS-WHITE/BROWN,1,96.253,96.494,0.655,0.42,0.529
202411,210111,WHITE SLICED LOAF BRANDED 750G,1,99.583,99.67,1.029,0.66,0.831
202411,210113,WHOLEMEAL SLICED LOAF BRANDED,1,99.197,99.103,0.749,0.48,0.604
202411,210114,CHILLED GARLIC BREAD,1,103.247,102.751,1.31,0.84,1.057
202411,210115,WRAP / TORTILLA PACK 6-8,1,105.112,105.127,0.374,0.24,0.302
202411,210116,GLUTEN FREE BREAD LF 300-550G,1,99.318,99.324,0.14,0.09,0.113
202411,210201,FLOUR-SELF-RAISING-1.5KG,1,99.562,99.847,0.42,0.12,0.339
202411,210204,DRY SPAGHETTI OR PASTA 500G,1,100.831,99.992,0.281,0.36,0.227
202411,210211,CORN SNACK SINGLE PACK MAX 50G,1,102.711,101.354,0.838,0.48,0.676
202411,210212,BASMATI RICE 500G-1KG,1,97.028,96.63,0.369,0.36,0.298
202411,210213,BREAKFAST CEREAL 1,1,108.615,104.409,1.056,0.3,0.852
202411,210214,BREAKFAST CEREAL 2,1,101.862,102.441,2.006,0.57,1.619
202411,210215,CEREAL BAR,1,103.386,104.164,0.412,0.36,0.333
202411,210216,HOT OAT CEREAL,1,101.319,100.168,0.422,0.12,0.341
202411,210217,RICE MICRO POUCH/TRAY 220-280G,1,99.737,98.785,0.062,0.06,0.05
202411,210219,BREAKFAST CEREAL GLUTEN FREE,1,100.969,102.026,0.211,0.06,0.17
202411,210221,COUSCOUS PLAIN/FLAVOURED,1,100.978,101.375,0.047,0.06,0.038
202411,210222,RICE CAKES PACK 100-180G,1,99.486,98.057,0.154,0.15,0.124
202411,210301,CREAM CRACKERS PACK 200G-300G,1,95.926,97.16,0.561,0.49,0.453
202411,210302,PLAIN BISCUITS-200-300G,1,99.654,99.994,1.604,1.4,1.295
202411,210320,WHOLE SPONGE CAKE NOT FROZEN,1,106.994,106.824,1.283,1.12,1.036
202411,210321,PACK OF 5-6 INDIVIDUAL CAKES,1,102.392,102.199,2.406,2.1,1.942
202411,210323,BISCUITS HALF CHOC 260-400G,1,108.517,107.141,0.802,0.7,0.647
202411,210324,CRUMPETS PACK 6-9 SPEC NUMBER,1,96.078,95.528,1.363,1.19,1.1
202411,210403,HOME KILLED BEEF-LEAN MINCE KG,1,100.261,100.157,0.78,0.9,0.63
202411,210406,HOME KLD BEEF-RUMP/POPES STEAK,1,99.357,99.352,1.066,1.23,0.861
202411,210414,FROZEN BEEFBURGERS PACK OF 4,1,99.781,99.475,0.416,0.48,0.336
202411,210416,BEEF ROASTING JOINT PER KG,1,104.742,105.009,0.338,0.39,0.273
202411,210506,HK LAMB LOIN CHOP/STEAK PER KG,1,111.593,110.584,1.709,1,1.379
202411,210707,HOME KILLED PORK CHOP/STEAK,1,100.483,100.47,1.157,1,0.934
202411,210802,BACON-GAMMON-PER KG,1,101.216,101.07,0.402,0.18,0.324
202411,210808,BACON-BACK-PER KG,1,98.994,98.722,1.83,0.82,1.477
202411,210905,FRESH/CHILLED CHICKEN  PER KG,1,101.466,101.23,0.782,1.12,0.631
202411,210910,FRESH BONELESS CHICKEN BREAST,1,98.719,98.687,1.787,2.56,1.443
202411,210914,FRESH TURKEY DICED/MIN PER KG,1,104.571,104.179,0.223,0.32,0.18
202411,211007,CANNED MEAT-STEWED STEAK,1,101.912,102.123,0.139,0.12,0.112
202411,211011,INDIVIDUAL MEAT PIE,1,101.731,101.344,0.905,0.78,0.731
202411,211014,SAUSAGES-PORK-PER KG,1,100.139,99.491,1.875,0.84,1.513
202411,211019,FROZ CHICKEN NUGGETS 220-600G,1,100.384,99.711,0.696,0.6,0.562
202411,211023,COOKED HAM PREPACKED SLICED,1,93.889,93.618,2.812,1.26,2.27
202411,211024,CONTINENTAL SLICED DELI MEAT,1,104.033,103.057,0.937,0.42,0.757
202411,211025,JOINT OV/READ GAM/POR 450-900G,1,99.29,99.285,0.139,0.12,0.112
202411,211026,CHICKEN KIEV 2 PACK 240-325G,1,106.793,106.879,0.696,0.6,0.562
202411,211027,H K LIVER PER KG STATE TYPE,1,118.288,119.289,0.201,0.06,0.162
202411,211029,COOKED MEAT TURKEY/CHICK SLICE,1,100.353,100.531,0.335,0.48,0.271
202411,211030,MEAT BASED SNACK PACK MAX 400G,1,98.774,99.211,0.835,0.72,0.674
202411,211101,FRESH WHITE FISH FILLETS KG,1,102.672,102.784,0.362,0.56,0.292
202411,211105,FRESH FISH-SALMON FILLETS-KG,1,104.181,103.949,0.634,0.98,0.511
202411,211106,FROZEN PRAWNS PER KG,1,96.16,96.016,0.914,0.46,0.738
202411,211207,"CANNED FISH, TUNA, 130G-200G",1,97.328,96.025,1.009,0.96,0.814
202411,211210,FROZEN FISH FINGERS 8-12 PK,1,104.188,102.35,0.862,0.82,0.695
202411,211211,FROZEN BREAD/BAT FISH 400-550G,1,99.908,99.612,0.231,0.22,0.187
202411,211305,SPREADABLE BUTTER,1,106.572,106.167,0.489,0.53,0.395
202411,211306,BUTTER 200-250G SPEC COO,1,109.08,109.193,0.434,0.47,0.35
202411,211408,OLIVE OIL - 500ML - 1 LITRE,1,123.838,123.667,1.02,0.76,0.823
202411,211409,"PEANUT BUTTER, JAR, 225-350G",1,97.468,92.61,0.166,0.16,0.134
202411,211410,DAIRY SPREAD/MARGARINE,1,103.735,102.354,0.975,0.94,0.787
202411,211411,DAIRY FREE SPREAD/MARGARINE,1,96.073,95.424,0.104,0.1,0.084
202411,211412,SPRAY OIL BOTTLE 190-220MLS,1,104.273,103.062,0.054,0.04,0.043
202411,211501,CHEDDAR-HOME PRODUCED PER KG,1,100.401,100.431,1.983,2,1.601
202411,211506,"CHEESE SPREAD, 110G-200G TUB",1,101.43,101.238,0.793,0.8,0.64
202411,211509,HARD REGIONAL CHEESE PER KG,1,100.282,99.893,0.238,0.24,0.192
202411,211510,PARMESAN CHEESE-PER KG,1,103.616,103.387,0.436,0.44,0.352
202411,211511,SOFT CONTINENTAL CHEESE - KG,1,98.708,98.787,0.516,0.52,0.416
202411,211604,EGGS PER DOZEN OR 2 X 6 BOX,1,102.944,103.16,1.37,1,1.105
202411,211707,DELVD MILK SEMI-SKIMMED PER PT,1,100.532,100.532,0.148,0.12,0.119
202411,211709,SHOP MILK-WHOLE MILK-4PT/2LTR,1,99.887,99.854,0.601,0.54,0.485
202411,211710,MILK SEMI-PER 2 PINTS/1.136 L,1,99.688,99.764,2.183,1.77,1.762
202411,211713,"MILK FLAVOURED, 180-500MLS/GMS",1,96.443,94.542,0.282,0.24,0.227
202411,211714,NON-DAIRY MILK DRINK 900ML-1LT,1,100.417,100.181,0.387,0.33,0.313
202411,211807,"YOGHURT/FROMAGE 4-6PK, 45-125G",1,108.191,107.461,1.62,1.8,1.308
202411,211808,CHILLED POT DESSERT 125-200G,1,102.312,101.78,0.986,0.84,0.796
202411,211814,YOGHURT-SMALL INDIVIDUAL,1,100.117,100.114,0.504,0.56,0.407
202411,211815,FRESH DOUBLE CREAM 250ML-300ML,1,107.116,107.648,0.563,0.48,0.455
202411,211816,POWDERED BABY FORMULA 400-900G,1,97.541,97.158,0.376,0.32,0.303
202411,211901,TEA BAGS PKT OF 80 (230G-250G),1,105.119,105.29,0.473,0.67,0.381
202411,211904,TEA BAGS PACKET OF 210-240,1,105.011,104.791,0.141,0.2,0.114
202411,211905,"FLAVRD TEA 15-20 BAGS, 30-40G",1,98.206,97.902,0.092,0.13,0.074
202411,212001,"FRUIT SQUASH, 750ML - 1.5LT",1,99.894,99.572,0.881,0.81,0.711
202411,212006,FRUIT JUICE NOT ORANGE 1L,1,104.983,104.992,0.587,0.54,0.474
202411,212008,LEMONADE-2 LITRE BOTTLE,1,100.747,101.357,0.196,0.18,0.158
202411,212010,MINERAL WATER STILL 1.5-2L,1,102.621,103.241,0.283,0.45,0.228
202411,212015,FIZZY ENERGY DRINK 250-500ML,1,107.854,107.681,1.274,1.17,1.029
202411,212016,FRESH/CHILL ORANGE JUICE 900ML,1,102.14,103.152,0.881,0.81,0.711
202411,212017,FIZZY BOTTLED DRINK 500ML,1,102.458,102.559,1.568,1.44,1.266
202411,212020,FRUIT DRINK BOTTLE 4-8 PACK,1,93.253,95.543,0.098,0.09,0.079
202411,212021,BOTTLE STILL WATER 500ML,1,102.415,102.841,0.283,0.45,0.228
202411,212022,MIXER DRINK BOTTLE 1L EG TONIC,1,100.543,100.032,0.588,0.54,0.475
202411,212023,COLA/FIZZY DRINK 330ML PK 4-8,1,105.18,105.106,0.392,0.36,0.316
202411,212024,FLAVOURED WATER BOTT 900ML-1.5,1,109.433,108.01,0.34,0.54,0.274
202411,212025,"COLA DRINK, REG,BOTTLE,1.25-2L",1,99.894,99.205,0.588,0.54,0.475
202411,212026,"COLA DRINK, DIET 1.25-2LTR",1,97.759,95.527,0.882,0.81,0.712
202411,212027,FRUIT/VEG SMOOTHIE,1,106.987,106.474,0.294,0.27,0.237
202411,212101,SUGAR -GRANULATED-WHITE-PER KG,1,101.48,101.389,0.599,0.32,0.484
202411,212106,JAR OF JAM-340-454G,1,97.714,96.865,0.689,0.5,0.556
202411,212107,HONEY JAR/BOTTLE 340G-454G,1,97.313,95.509,0.248,0.18,0.2
202411,212202,MINTS,1,101.507,102.363,0.044,0.12,0.035
202411,212211,CHOCOLATE 4,1,101.689,101.992,0.791,2.16,0.639
202411,212214,FRUIT PASTILLES 2,1,107.468,108.66,0.44,1.2,0.355
202411,212217,CHEWING/BUBBLE GUM-SINGLE PK,1,102.292,102.392,0.088,0.24,0.071
202411,212218,CARTON/BOX OF CHOCS 150-400GM,1,93.01,93.371,1.355,1.32,1.094
202411,212222,CHOCOLATE 10,1,105.894,105.657,1.848,1.8,1.491
202411,212223,BRAND CHOC SWEETS 90-185G BAG,1,109.536,109.574,0.616,0.6,0.497
202411,212224,"SWEETS, NOT CHOC, 150-250G BAG",1,103.174,103.811,0.527,1.44,0.426
202411,212225,CHOCOLATE LARGE BAR 100-200G,1,118.848,118.248,1.848,1.8,1.491
202411,212226,CHOCOLATE 12,1,104.496,104.407,0.44,1.2,0.355
202411,212228,MALTED CHOCOLATE SWEETS,1,105.566,105.656,0.044,0.12,0.035
202411,212309,POTATOES-NEW-PER KG,1,106.639,108.116,0.244,0.24,0.197
202411,212310,POTATOES- OLD WHITE PER KG,1,119.3,119.714,0.59,0.58,0.476
202411,212311,POTATOES- BAKING PR KG,1,109.762,110.597,0.183,0.18,0.148
202411,212402,POTATO CRISPS 25G-50G,1,106.702,106.558,0.733,0.42,0.592
202411,212404,POTATO CRISPS-MULTI-PACK,1,98.47,97.882,1.937,1.11,1.564
202411,212405,FROZEN CHIPS 900G-1.5KG,1,98.36,98.297,0.946,0.93,0.763
202411,212408,PREMIUM POTATO CRISPS/CHIPS,1,93.976,94.028,0.471,0.27,0.38
202411,212409,P'PARED MASHED POTATO 400-650G,1,95.686,95.441,0.275,0.27,0.222
202411,212504,FRESH VEG-CAULIFLOWER-EACH,1,113.849,114.445,0.419,0.42,0.339
202411,212510,FRESH VEG-CUCUMBER-WHOLE,1,104.411,103.708,0.36,0.36,0.29
202411,212511,FRESH VEG-LETTUCE-ICEBERG-EACH,1,122.052,122.576,0.3,0.3,0.242
202411,212515,FRESH VEG-TOMATOES-PER KG,1,101.211,100.918,0.959,0.96,0.774
202411,212516,FRESH VEG-CABBAGE-WHOLE-PER KG,1,103.01,102.908,0.18,0.18,0.145
202411,212518,FRESH VEG-CARROTS-PER KG,1,107.228,108.951,0.3,0.3,0.242
202411,212519,FRESH VEG-ONIONS-PER KG,1,97.572,97.36,0.599,0.6,0.484
202411,212520,FRESH VEG-MUSHROOMS-PER KG,1,100.176,100.021,0.479,0.48,0.387
202411,212530,FRESH VEG-BROCCOLI-PER KG,1,98.921,100.785,0.24,0.24,0.193
202411,212531,FRESH VEG-COURGETTE-PER KG,1,98.473,97.506,0.419,0.42,0.339
202411,212532,FRESH VEG-PEPPERS -LOOSE OR KG,1,102.964,104.817,0.419,0.42,0.339
202411,212533,VEGETABLE STIR FRY FRESH PACK,1,100.291,101.005,0.3,0.3,0.242
202411,212535,SWEET POTATO PER KG OR EACH,1,104.726,104.833,0.269,0.36,0.217
202411,212536,GREEN BEANS PER KG OR PACK,1,100.203,99.461,0.24,0.24,0.193
202411,212537,PREPACKED SALAD 75 - 250G,1,98.675,97.775,0.419,0.42,0.339
202411,212601,CANNED TOMATOES 390-400G,1,98.51,96.647,0.281,0.4,0.227
202411,212603,"BAKED BEANS, 400-425G TIN",1,98.351,96.7,0.351,0.5,0.283
202411,212608,CANNED SWEETCORN 198-340G,1,97.09,97.58,0.197,0.28,0.159
202411,212609,FROZEN GARDEN PEAS 800G-1KG,1,103.051,102.796,0.189,0.2,0.152
202411,212612,FROZEN PRE-PREPARED VEGTABLES,1,100.95,99.277,0.302,0.32,0.243
202411,212613,PULSES CAN 390 - 420G,1,93.39,90.866,0.211,0.3,0.17
202411,212709,ORANGES-CLASS 1-EACH,1,97.388,97.276,0.304,0.24,0.246
202411,212710,AVOCADO PEAR-EACH,1,102.63,103.491,0.533,0.42,0.43
202411,212712,KIWI FRUIT-EACH,1,101.79,102.884,0.228,0.18,0.184
202411,212715,GRAPEFRUIT-EACH,1,102.827,102.854,0.228,0.18,0.184
202411,212717,APPLES-DESSERT-PER KG,1,105.549,106.326,0.38,0.3,0.307
202411,212718,PEARS-DESSERT-PER KG,1,104.7,103.642,0.228,0.18,0.184
202411,212719,BANANAS-PER KG,1,99.926,100.009,0.837,0.66,0.675
202411,212720,STRAWBERRIES PER KG OR PUNNET,1,103.744,103.535,0.989,0.78,0.798
202411,212722,GRAPES-PER KG,1,103.476,103.042,0.685,0.54,0.553
202411,212725,SMALL TYPE ORANGES PER PACK/KG,1,95.608,94.302,0.228,0.18,0.184
202411,212726,PLUMS PER KG/PACK,1,103.574,101.543,0.533,0.42,0.43
202411,212730,FRUIT FRESH SNACKING 150-350G,1,101.918,101.984,0.38,0.3,0.307
202411,212732,LEMON EACH,1,101.782,102.332,0.228,0.18,0.184
202411,212733,BLUEBERRIES PUNNET OR PER KG,1,100.259,98.853,0.609,0.48,0.491
202411,212734,RASPBERRIES PUNNET OR PER KG,1,98.966,99.785,0.456,0.36,0.368
202411,212735,APPLES DESSERT EACH,1,102.962,104.413,0.38,0.3,0.307
202411,212736,MELON EACH EG HONEYDEW,1,101.524,102.045,0.228,0.18,0.184
202411,212737,PINEAPPLE EACH,1,103.217,102.132,0.152,0.12,0.123
202411,212806,PACKET OF PEANUTS 150-300G,1,107.458,105.685,1.084,1.16,0.875
202411,212807,CANNED FRUIT-400-450G,1,103.486,103.967,0.251,0.28,0.202
202411,212808,DRIED FRUIT - EG APRICOTS,1,101.275,101.046,0.374,0.4,0.302
202411,212809,BERRIES FROZEN PACK,1,102.769,102.707,0.143,0.16,0.116
202411,212905,VEGETABLE PICKLE 280-520G,1,101.929,101.586,0.091,0.13,0.074
202411,212910,CANNED SOUP-390-425G,1,97.132,95.776,0.547,0.52,0.442
202411,212917,TOMATO KETCHUP BOTTLE 340-570G,1,100.499,101.357,0.587,0.78,0.474
202411,212918,FRZN READY-COOKD MEAL SERVES 1,1,96.435,95.792,0.286,0.65,0.231
202411,212923,COOK-IN SAUCE-JAR/CAN 350-520G,1,105.341,102.808,0.881,1.17,0.711
202411,212928,FROZ VEG BURGER/GRILL 180-454G,1,100.715,101.926,0.365,0.52,0.295
202411,212930,MAYONNAISE 390-500G/420-540MLS,1,96.177,96.501,0.49,0.65,0.395
202411,212933,ICE CREAM 450ML-1L,1,98.145,97.443,0.965,0.52,0.779
202411,212934,DRIED POTTED SNACK 50-120G,1,97.194,97.659,0.508,0.65,0.41
202411,212936,CHILLED READY MEAL-MEAT-SERVS1,1,102.184,102.103,0.743,1.69,0.6
202411,212937,CHILLED READY MEAL-FISH/VEG,1,101.319,101.349,0.628,1.43,0.507
202411,212938,CHOCOLATE COVERED ICE CREAM,1,97.4,99.251,1.207,0.65,0.974
202411,212939,CHILLED PIZZA EACH 300-600G,1,99.087,99.372,0.948,1.3,0.765
202411,212940,PROTEIN POWDER 900G-2KG,1,93.032,92.595,0.274,0.26,0.221
202411,212941,QUICHE 340G-450G,1,97.603,96.063,0.19,0.26,0.153
202411,212942,VEGETABLE CRISPS PACK 80-125G,1,104.556,106.044,0.227,0.13,0.183
202411,212943,YORKSHIRE PUDDING FROZEN,1,98.907,99.413,0.298,0.26,0.24
202411,212944,SAUSAGE MEAT FREE CHILLED PACK,1,111.816,111.575,0.456,0.65,0.368
202411,212945,HERBS DRIED JAR 3 - 20G,1,96.552,98.361,0.49,0.65,0.395
202411,212946,SUNFLOW/PUMPK SDS PK 100-300G,1,94.556,96.645,0.121,0.13,0.098
202411,213003,COFFEE-INSTANT 90 -100G JAR,1,112.578,109.955,0.88,0.98,0.71
202411,213005,HOT CHOCOLATE DRINK INSTANT,1,106.775,106.357,0.232,0.16,0.187
202411,213006,COFFEE PODS PACK 8-16,1,97.864,97.28,0.341,0.38,0.275
202411,213007,COFFEE SACHETS PACK,1,95.241,97.174,0.431,0.48,0.348
202411,220107,PUB -HOT MEAL,1,105.028,104.919,5.739,4.4,4.632
202411,220116,LEMONADE/COLA DRAUGHT,1,105.539,105.869,1.435,1.1,1.158
202411,220117,BOTTLED MINERAL WATER,1,103.736,103.648,1.435,1.1,1.158
202411,220120,IN STORE CAFETERIA MEAL,1,104.969,104.447,4.591,3.52,3.706
202411,220121,RESTAURANT CUP OF COFFEE,1,104.054,104.321,1.435,1.1,1.158
202411,220122,RESTAURANT - SWEET COURSE,1,103.516,103.601,2.87,2.2,2.316
202411,220123,ONBOARD CATERING,1,106.172,106.019,1.04,0.44,0.839
202411,220124,MUFFIN/INDIVIDUAL CAKE,1,104.452,104.211,3.443,2.64,2.779
202411,220125,FRUIT JUICE BOTTLE 250-350ML,1,104.125,104.041,1.435,1.1,1.158
202411,220128,RESTAURANT MAIN COURSE,1,103.981,104.116,5.739,4.4,4.632
202411,220208,STAFF RESTAURNT HOT SNACK ITEM,1,101.664,102.878,0.431,0.16,0.348
202411,220209,PRIMARY SCHOOL- FIXED CHARGE,1,93.436,85.56,0.916,0.34,0.739
202411,220210,SECONDARY SCHOOL- CAFETERIA,1,104.049,104.056,0.916,0.34,0.739
202411,220214,STAFF RESTAURANT MAIN COURSE,1,103.807,105.522,0.431,0.16,0.348
202411,220301,FISH & CHIPS TAKEAWAY,1,103.64,103.68,2.765,1.17,2.231
202411,220303,SANDWICH-TAKE-AWAY (COLD),1,102.315,101.719,4.915,2.08,3.967
202411,220310,POTATO CRISPS-INDIVIDUAL PACK,1,103.521,103.343,0.678,0.52,0.547
202411,220316,PIZZA TAKEAWAY OR DELIVERED,1,104.974,105.209,2.765,1.17,2.231
202411,220318,INDIAN TAKEAWAY,1,102.696,102.934,2.765,1.17,2.231
202411,220319,CHINESE TAKEAWAY,1,102.645,102.765,2.765,1.17,2.231
202411,220320,TAKEAWAY SOFT DRINK,1,103.345,103.316,0.922,0.39,0.744
202411,220323,KEBAB- TAKEAWAY,1,106.201,106.32,2.457,1.04,1.984
202411,220324,CINEMA POPCORN,1,104.244,104.18,0.678,0.52,0.547
202411,220326,TAKEAWAY CHICKEN & CHIPS,1,102.063,102.464,2.765,1.17,2.231
202411,220327,T'AWAY COOKED SAVOURY PASTRY,1,103.971,104.059,2.765,1.17,2.231
202411,220328,BURGER IN A BUN EAT IN OR TAKE,1,103.32,103.46,2.765,1.17,2.231
202411,220329,HOT DRINK TAKE AWAY SPECIFY TY,1,104.742,104.722,0.614,0.26,0.496
202411,310102,DRAUGHT BITTER (PER PINT),1,102.777,101.932,5.869,4.5,4.738
202411,310109,LAGER - PINT 3.4-4.2%,1,102.544,102.065,7.043,5.4,5.685
202411,310110,PREMIUM LAGER - PINT 4.3-7.5%,1,104.02,104.106,6.104,4.68,4.927
202411,310111,BOTTLED PREMIUM LAGER 4.3-7.5%,1,103.561,103.595,1.409,1.08,1.137
202411,310114,CIDER 4.5%-5.5% ABV PINT/BOTTL,1,102.339,101.391,3.052,2.34,2.464
202411,310207,BITTER-4CANS-440-500ML,1,100.116,100.203,0.81,0.36,0.654
202411,310215,LAGER 4 BOTTLES- PREMIUM,1,101.141,101.218,1.666,1.98,1.345
202411,310216,LAGER 10 - 24 CANS (440-500ML),1,97.141,96.95,0.959,1.14,0.774
202411,310217,LAGER 10-24 BOTTLES 250-330ML,1,95.734,95.883,0.808,0.96,0.652
202411,310219,STOUT - 4 CAN PACK,1,97.891,97.954,0.405,0.18,0.327
202411,310220,SPEC'Y BEER BOTT 500ML 4-5.5,1,101.064,101.076,0.81,0.36,0.654
202411,310221,APPLE CIDER 4 CAN PK 440-500ML,1,100.606,99.972,0.632,0.54,0.51
202411,310222,CIDER FLAVOURED BOTT 500-568ML,1,98.497,98.195,0.562,0.48,0.454
202411,310301,WHISKY (PER NIP) SPECIFY ML,1,103.632,102.908,3.156,2.42,2.548
202411,310302,VODKA (PER NIP) SPECIFY ML,1,103.753,103.9,7.174,5.5,5.79
202411,310306,BOTTLE OF MIXER 125-200ML,1,101.012,99.699,0.861,0.66,0.695
202411,310307,LIQUEUR PER NIP   SPECIFY ML,1,104.246,104.29,4.591,3.52,3.706
202411,310310,"WINE, PER 175 - 250 ML SERVING",1,105.034,104.991,4.304,3.3,3.474
202411,310315,BOTTLE OF WINE 70-75CL,1,103.944,103.92,4.017,3.08,3.243
202411,310316,GIN PER NIP,1,102.869,102.51,4.591,3.52,3.706
202411,310401,WHISKY-70 CL BOTTLE,1,99.253,99.48,1.627,1.98,1.313
202411,310403,VODKA-70 CL BOTTLE,1,98.925,98.903,1.627,1.98,1.313
202411,310405,BRANDY 70CL BOTTLE,1,100.542,100.933,0.296,0.36,0.239
202411,310406,FORTIFIED WINE  (70-75CL),1,100.517,100.861,0.415,0.36,0.335
202411,310419,WHITE WINE- EUROPEAN 75CL,1,102.143,101.733,1.232,1.62,0.994
202411,310420,WHITE WINE- NEW WORLD 75CL,1,99.545,99.629,1.916,2.52,1.547
202411,310423,BOTTLE OF CHAMPAGNE 75 CL,1,99.833,100.012,0.411,0.54,0.331
202411,310425,ROSE WINE-75CL BOTTLE,1,100.108,100.112,0.684,0.9,0.552
202411,310426,SPARKLING WINE 75CL MIN 11%ABV,1,97.955,99.04,0.958,1.26,0.773
202411,310427,RUM WHITE 70cl BOTTLE,1,98.789,98.98,0.591,0.72,0.477
202411,310428,CREAM LIQUER 70CL-1LT 14-20%,1,90.786,90.74,0.296,0.36,0.239
202411,310429,GIN BOTTLE 70CL,1,99.844,100.434,1.035,1.26,0.835
202411,310430,PRE MIXED SPIRIT 250-330ML,1,101.566,101.148,0.591,0.72,0.477
202411,310431,RED WINE 75CL BOTTLE,1,100.041,99.631,2.601,3.42,2.099
202411,320108,CIGARETTES 8,1,106.205,106.191,5.995,5.94,4.839
202411,320115,CIGARETTES 15,1,108.153,108.173,4.905,4.86,3.959
202411,320122,20 FILTER - OTHER BRAND,1,107.676,107.616,4.724,4.68,3.813
202411,320123,ELECTRONIC CIGARETTE REFILL/LI,1,100.69,99.792,0.308,1.26,0.249
202411,320124,E-CIG REFILL BOTTL/CART 2-10ML,1,99.947,100.326,0.308,1.26,0.249
202411,320205,5 CIGARS: SPECIFY BRAND,1,105.847,106.056,0.178,0.64,0.144
202411,320206,HAND ROLLING TOBACCO PACK 30GM,1,112.36,112.367,1.8,7.36,1.453
202411,410105,LOCAL AUTH RENT - SCOTLAND,1,104.212,104.212,1.478,1.76,1.193
202411,410107,UNIVERSITY ACCOMODATION FEES,1,105.174,105.174,3.469,0,2.8
202411,410108,RSL RENTS,1,106.813,106.813,14.775,17.6,11.926
202411,410114,IMPUTED RENTS - N.IRELAND,1,102.893,102.893,0,0,3.299
202411,410116,IMPUTED RENTS - ENGLAND,1,107.174,107.174,0,0,143.485
202411,410117,IMPUTED RENTS - WALES,1,107.566,107.566,0,0,6.597
202411,410118,IMPUTED RENTS -SCOTLAND,1,104.183,104.183,0,0,11.545
202411,410119,PRIVATE RENTED PROPERTY,1,107.576,107.564,50.975,60.72,41.145
202411,410201,MORTGAGE INTEREST PAYMENTS,1,113.549,113.549,0,37,0
202411,410401,E & W SEWERAGE CHARGE,2,109.199,109.199,4.318,5.98,3.485
202411,410402,ENGLAND & WALES WATER CHARGES,2,106.757,106.756,3.96,5.59,3.196
202411,410403,SCOTLAND WATER CHARGES,1,108.788,108.788,0.46,0.65,0.372
202411,410405,SCOTTISH SEWERAGE CHARGE,1,108.772,108.772,0.563,0.78,0.455
202411,410508,PLUMBER-DAYTIME HOURLY RATE,2,100.187,100.172,0.631,3.41,0.51
202411,410509,ELECTRICIAN-DAYTIME RATE/HOUR,2,100.388,100.354,0.393,2.53,0.317
202411,410517,DECORATOR-DAILY RATE;SPEC HRS,2,100.457,100.399,0.399,2.53,0.322
202411,410518,CARPENTER HOURLY RATE,2,101.102,101.002,0.379,2.53,0.306
202411,410602,READY-MIXED FILLER-INT USE,1,101.896,101.917,0.05,0.21,0.04
202411,410607,PAINT BRUSH-2INCH/5CM WIDTH,1,97.872,99.433,0.083,0.35,0.067
202411,410611,DOOR HANDLE-PACK FOR ONE DOOR,2,101.02,100.401,1.535,0.98,1.239
202411,410614,POWER DRILL-HAMMER ACTION,2,104.473,103.433,0.356,0.35,0.288
202411,410621,VARNISH-CLEAR GLOSS-750ML-1LTR,1,100.254,100.572,0.05,0.21,0.04
202411,410625,SCREWDRIVER,2,103.418,102.726,0.527,0.35,0.425
202411,410629,WALLPAPER PER ROLL,1,100.186,101.115,0.199,0.84,0.161
202411,410631,SHOWER HEAD,2,99.267,97.963,0.233,0.98,0.188
202411,410632,HIRE OF DOMES CARPET CLEANER,1,103.765,104.013,0.21,0.21,0.17
202411,410633,MDF,1,96.986,95.361,0.199,0.84,0.161
202411,410637,CERAMI TILES 15X15-25X60CM PAC,2,91.847,89.555,0.05,0.21,0.04
202411,410638,WOODSCREWS STEEL/ZIN PLATED PK,1,102.141,102.34,0.403,0.63,0.325
202411,410639,PAINT GLOSS/EMUL 750ML-2.5LTR,2,99.962,99.608,0.199,0.84,0.161
202411,410701,DWELLING INSURANCE,2,114.981,111.863,0,4.24,0
202411,410703,GROUND RENT,1,102.449,102.449,0,3.76,0
202411,410801,HOUSE DEPRECIATION,1,102.449,102.449,0,76,0
202411,420103,SMOKELESS FUEL 50KG,1,99.173,98.988,0.427,1,0.345
202411,420201,ELECTRICITY,1,90.102,90.102,23.314,26,18.818
202411,420301,GAS,1,86.384,86.384,15.804,18,12.756
202411,420404,BUTANE GAS,1,103.213,103.225,0.356,0.32,0.288
202411,420405,KEROSENE - 1000L DELIVERED,2,84.329,84.208,0.987,1.68,0.797
202411,430101,DOUBLE WARDROBE,2,103.338,101.898,0.984,0.95,0.794
202411,430104,ARMCHAIR -UPHOLSTERED,2,105.291,103.157,1.574,1.52,1.27
202411,430119,KITCH BASE UNIT WIDTH 800-1000,2,101.501,101.357,1.574,1.52,1.27
202411,430120,COFFEE TABLE,2,103.753,101.374,0.394,0.38,0.318
202411,430127,CHEST OF DRAWERS,2,101.205,99.895,0.787,0.76,0.635
202411,430132,MATTRESS- 3FT/90CM,2,108.923,106.492,1.377,1.33,1.112
202411,430133,BOOKCASE/FREESTAND SHELV UNIT,2,105.949,104.599,0.787,0.76,0.635
202411,430134,TABLE LAMP,2,100.03,98.785,0.593,0.38,0.479
202411,430136,PATIO TABLE & CHAIRS-SEASONAL,2,91.995,90.748,0.193,0.57,0.156
202411,430137,LEATHER SETTEE,2,104.628,103.255,3.542,3.42,2.859
202411,430138,HOME OFFICE DESK,2,100.447,99.5,0.394,0.38,0.318
202411,430139,KITCH WALL UNIT WIDTH 800-1000,2,102.989,102.603,1.377,1.33,1.112
202411,430141,DINING TABLE & 2-6 CHAIRS,2,102.876,101.7,1.377,1.33,1.112
202411,430142,HIGH CHAIR,2,100.074,98.643,0.116,0.19,0.094
202411,430143,"SETTEE,NON LEATHER - SEE HELP",2,102.825,101.749,1.574,1.52,1.27
202411,430144,BED ADULT SPECIFY SIZE,2,108.701,106.896,2.755,2.66,2.223
202411,430211,DUVET-DOUBLE TOG 10-13.5,2,104.842,103.494,0.952,0.36,0.768
202411,430216,DUVET COVER,2,105.401,103.714,0.952,0.36,0.768
202411,430224,FITTED BED SHEET,2,101.252,100.377,0.952,0.36,0.768
202411,430228,BATH SHEET,2,106.812,105.117,0.879,0.81,0.709
202411,430229,FABRIC ROLLER BLIND 120-180CM,2,100.051,99.748,1.102,0.81,0.89
202411,430233,CARPET TUFTED 100% MANMADE FIB,2,103.056,101.976,1.583,1.53,1.278
202411,430234,CARPET TUFTED MIN 80% WOOL FIB,2,103.014,102.576,1.583,1.53,1.278
202411,430235,FLOOR RUG STATE SIZE & MATERIA,2,102.007,99.26,1.583,1.53,1.278
202411,430236,CURTAINS READY MADE SP'FY SIZE,2,104.175,102.719,1.102,0.81,0.89
202411,430237,LUXURY VINYL TILE PER SQ M,2,100.731,100.14,0.769,0.9,0.621
202411,430304,ELECTRIC COOKER,2,94.18,92.378,0.328,0.64,0.265
202411,430307,ELECTRIC KETTLE - 1.5-1.7L,2,98.91,97.549,0.616,0.72,0.497
202411,430317,ELECTRIC IRON,2,90.454,88.769,0.218,0.16,0.176
202411,430321,ELECTRIC RAZOR,2,98.594,95.097,0.096,0.08,0.077
202411,430323,PHONE NT MOBILE(SPEC DIG/ANAL),2,89.239,87.62,0.194,0.08,0.157
202411,430351,ELECTRIC HAIR STYLING APP,2,104.235,100.512,0.574,0.48,0.463
202411,430355,VACUUM CLEANER,2,96.805,94.665,1.072,0.88,0.865
202411,430356,DISH WASHER 12-15 PLACE SET,2,95.637,95.041,0.547,0.32,0.441
202411,430357,SMART PHONE HANDSETS,2,85.914,84.288,0.826,1.04,0.667
202411,430358,ELECTRIC HEATER -SEASONAL,2,100.596,98.847,1.695,0.56,1.368
202411,430359,ELECTRIC COOLING FAN -SEASONAL,2,86.692,82.147,0.139,0.56,0.112
202411,430361,WASHING MACH NO DRYER MAX 1800,2,102.125,100.88,1.23,0.72,0.993
202411,430362,FRIDGE/FREEZER SPEC CAPACITIES,2,92.598,91.955,1.514,1.2,1.222
202411,430363,ELECTRIC TOOTHBRUSH,2,92.118,86.247,0.096,0.08,0.077
202411,430364,SECURITY / SURVEILLANCE CAMERA,2,111.62,107.63,0.221,0.16,0.178
202411,430365,AIR FRYER SPECIFY CAPACITY,2,88.436,87.147,0.079,0.32,0.064
202411,430407,SMALL SAUCEPAN 14-18 CMS,2,104.188,102.766,0.822,0.64,0.664
202411,430409,SCISSORS - HOUSEHOLD,2,101.897,100.957,0.822,0.64,0.664
202411,430413,GAS FIRE,2,102.588,102.352,1.386,0.36,1.119
202411,430414,GAS COOKERS-SPECIFY MAKE & MOD,2,100.766,100.056,0.195,0.16,0.157
202411,430418,PLASTIC FOOD STORAGE CONTAINER,1,98.495,98.478,0.719,0.56,0.581
202411,430419,STAINLESS STEEL CUTLERY SET,2,103.004,101.056,0.296,0.2,0.239
202411,430422,PLAIN GLASS TUMBLER,1,100.353,98.802,0.487,0.4,0.393
202411,430423,FRYING PAN 24-30CM,2,107.756,104.606,0.822,0.64,0.664
202411,430425,"DINNER PLATE, APPROX DIAMETER",2,107.013,104.56,0.487,0.4,0.393
202411,430503,BALL POINT,1,104.906,104.63,0.77,0.48,0.622
202411,430505,ALUMIN COOKING FOIL 290-300MM,1,98.873,98.772,0.384,0.6,0.31
202411,430507,WASHING UP LIQUID 320-900ML,1,101.579,100.635,0.418,0.36,0.337
202411,430509,HOUSEHOLD CLEANER CREAM/LIQUID,1,102.394,103.269,0.974,0.84,0.786
202411,430524,LIGHT BULB,1,103.384,104.579,0.662,0.48,0.534
202411,430525,CLEAR STICKY TAPE,1,99.968,99.842,0.307,0.48,0.248
202411,430526,GREETINGS CARD; STATE CODE,1,101.244,101.053,2.865,0.6,2.312
202411,430527,A4 PRINTER PAPER (500 REAM),1,110.204,110.202,0.894,0.48,0.721
202411,430529,BLEACH 750ML,1,100.85,101.468,0.974,0.84,0.786
202411,430530,BLACK INKJET CARTRIDGE,2,102.291,100.774,0.77,0.48,0.622
202411,430531,FABRIC CONDITIONER 500ML-1.5LT,1,98.333,99.351,0.418,0.36,0.337
202411,430533,KITCHEN ROLL PK OF 2-4 SPECIFY,1,100.338,100.119,0.384,0.6,0.31
202411,430535,SHEET OF WRAPPING PAPER,1,106.37,106.403,0.894,0.48,0.721
202411,430536,TOILET ROLLS,1,93.434,93.649,2.712,1.56,2.189
202411,430538,DISHWASHER TABLETS PACK 16-45,1,99.215,99.151,0.418,0.36,0.337
202411,430539,DRYCELL BATTERY 4 PACK EG AA,1,97.753,97.958,0.766,0.6,0.618
202411,430540,WASHING LIQUID 800ML/1.5LTR,1,106.3,106.475,0.418,0.36,0.337
202411,430541,LIGHT BULB SMART/WIFI,2,95.323,93.964,0.539,0.48,0.435
202411,430542,SURFACE WIPES ANTIBACTERIAL,1,99.797,100.158,0.974,0.84,0.786
202411,430543,BIN LINERS KITCHEN USE,1,98.483,100.026,0.461,0.72,0.372
202411,430613,DOG FOOD-CAN-385-400GM,1,94.981,93.678,1.81,1.2,1.461
202411,430617,ANIMAL CAGE (E.G FOR GERBIL),2,122.261,119.3,0.603,0.4,0.487
202411,430621,ANNUAL BOOSTER INJECTION,1,108.686,108.365,2.921,1.8,2.358
202411,430622,DOG KENNEL FEES DAILY CHARGE,2,106.417,106.169,2.921,1.8,2.358
202411,430623,SMALL CAGED MAMMAL,2,104.496,104.169,0.482,1,0.389
202411,430624,CAT FOOD POUCH-IND-85G-100G,1,103.254,100.077,2.714,1.8,2.191
202411,430626,"DOG TREATS,SPEC,TYPE 70-400G",1,96.883,94.148,1.96,1.3,1.582
202411,430627,PET COLLAR DOG / CAT,2,100.408,97.357,0.603,0.4,0.487
202411,430628,WILD BIRD SEED PACK 900G -3.5K,1,95.186,95.345,0.452,0.3,0.365
202411,440101,DOMESTIC CLEANER HOURLY RATE,2,104.827,104.469,0.46,1.76,0.371
202411,440104,DRY CLEANING-MAN'S SUIT,1,105.308,105.19,0.477,0.33,0.385
202411,440105,DRIVING LESSON 1 HOUR,1,103.986,103.959,0.835,0.44,0.674
202411,440112,ELECTRICAL SERVICE CHARGE,2,100.834,100.761,0.374,0.66,0.302
202411,440113,WINDOW-CLEAN 3-BED SEMI,2,105.097,104.463,0.259,0.99,0.209
202411,440116,WASHING MACHINE REPAIR,2,101.378,101.185,0.125,0.22,0.101
202411,440118,PC REPAIR,2,89.244,87.671,0.105,0.11,0.084
202411,440120,CHILD MINDER - HOURLY RATE,1,103.068,102.787,4.195,0.88,3.386
202411,440121,"EVENT CATERING, SET MENU, COST",2,105.701,105.154,0.717,0.55,0.579
202411,440122,HOME DELIVERY CHARGES,2,101.336,101.381,1.668,0.33,1.347
202411,440123,HOME REMOVAL- 1 VAN,2,103.996,103.659,2.252,0.44,1.817
202411,440126,WEEKLY NANNY FEES,2,104.524,104.203,2.439,0.88,1.969
202411,440127,MONTHLY SELF STORAGE FEE,2,105.845,104.817,2.252,0.44,1.817
202411,440128,HOME CARE ASSISTANT HRLY RATE,2,108.275,107.86,3.428,1.87,2.767
202411,440129,PLAYGROUP FEES - PER SESSION,2,101.439,101.262,3.291,0.77,2.657
202411,440131,WATCH BATTERY REPLACEMENT,2,103.105,102.673,0.667,0.22,0.538
202411,440132,MEN'S CLOTHING HIRE- SEE HELP,2,102.701,102.512,0.115,0.11,0.093
202411,440202,ESTATE AGENT FEES (PERCENTAGE),1,102.569,102.569,0,2.42,0
202411,440204,TRADE UNION & PROF ORGS SUBS,1,103.221,103.221,4.449,0.88,3.591
202411,440208,HOUSE CONTENTS INSURANCE,2,106.827,103.589,0.569,3.08,0.459
202411,440218,SRVYRS FEES MORTGAGE VALUATION,1,99.761,99.761,1.112,0.22,0.898
202411,440224,DRIVING TEST FEES,1,100,100,0.417,0.22,0.337
202411,440226,HOME-BUYERS SURVEY-RSDNTL PPTY,2,100.709,100.625,0,0.22,0
202411,440227,FUNERAL-CREMATION,2,106.563,106.369,3.185,0.44,2.571
202411,440229,BIRTHS DEATHS AND MARRIAGES,1,100,100,0.239,0.22,0.193
202411,440230,UNI (INTL STUDENT) TUITION,1,108.828,108.828,8.066,0,6.51
202411,440231,PASSPORT FEES,1,107.358,107.358,0.239,0.22,0.193
202411,440232,NURSERY FEES: CHILD 0-4,2,107.245,106.92,2.802,0.66,2.261
202411,440233,NEWSPAPER AD NON TRADE 20 WORD,2,100.781,100.781,1.112,0.22,0.898
202411,440237,UNIT TRUSTS COMM-ONGOING CHG,1,102.481,102.481,2.519,0,2.033
202411,440238,PRIVATE SCHOOLS FEES,1,105.091,105.091,5.655,2.2,4.564
202411,440239,UK UNIVERSITY TUITION FEES,2,101.824,102.155,12.03,3.52,9.71
202411,440240,BASIC WILL FOR A SINGLE PERSON,2,105.41,104.885,1.631,0.22,1.317
202411,440241,STOCKBROKER COMMISSION FEE,1,100.451,100.451,3.002,0,2.423
202411,440243,EDUCATIONAL CLASSES,1,105.943,105.943,3.958,1.54,3.195
202411,440246,PET INSURANCE,2,107.406,107.338,1.93,1.76,1.558
202411,440247,BANKER'S DRAFT,1,91.785,91.785,0.467,0.22,0.377
202411,440249,HOUSE CONVEYANCING,2,107.369,106.24,0,1.1,0
202411,440250,PACKAGED CURRENT ACCOUNTS,1,107.255,107.255,3.744,0.22,3.022
202411,440251,OPEN UNIVERSITY FEES,1,104.825,104.825,0,0,0
202411,440252,MONEY TRANSFERS,1,104.907,104.907,0.547,0.22,0.441
202411,440254,HOURLY RATE FOR SOLICITOR,2,101.792,101.561,1.631,0.22,1.317
202411,440255,CREDIT CARD FEES,1,96.816,96.816,2.987,0.22,2.411
202411,440256,MORTGAGE ARRANGEMENT FEES,1,100.166,100.166,2.418,0.22,1.952
202411,440257,HOUSEHLD SERVICES MAINT POLICY,2,103.886,104.657,0.244,1.32,0.197
202411,440258,DATING AGENCY FEES,2,120.959,120.448,1.112,0.22,0.898
202411,440302,LETTER HANDLING SERVICES,1,123.673,123.673,0.587,0.59,0.474
202411,440303,PARCEL DELIVERY SERVICES,1,105.472,104.167,0.408,0.41,0.329
202411,440401,TELEPHONE CHARGES,1,107.804,107.804,0.817,0.23,0.66
202411,440402,MOBILE PHONE CHARGES,1,108.072,108.072,7.071,7.36,5.707
202411,440403,CABLE TELEPHONES,1,100,100,0.597,0.23,0.481
202411,440405,DIRECTORY ENQUIRIES,1,100.864,100.864,0.376,0.23,0.303
202411,440406,SUBSCRIPTION TO INTERNET,1,105.019,103.559,0.726,0.92,0.586
202411,440408,MOBILE PHONE APPLICATIONS,1,114.284,95.109,1.606,2.3,1.297
202411,440409,BUNDLED TELECOMS SERVICES,1,107.093,107.093,8.959,11.73,7.232
202411,510104,MENS JACKET/COAT,2,113.103,105.142,0.574,0.3,0.463
202411,510106,MENS JEANS,2,105.982,103.066,1.033,0.54,0.834
202411,510108,MEN'S JUMPER-KNITTED,2,107.665,103.531,0.574,0.3,0.463
202411,510109,MEN'S FORMAL SHIRT-LONG SLEEVE,2,109.051,106.781,0.803,0.42,0.648
202411,510113,MENS CASUAL S/SLEEVE TOP,2,112.321,106.281,0.803,0.42,0.648
202411,510117,MEN'S FORMAL RDY-MADE TROUSERS,2,109.336,105.319,0.574,0.3,0.463
202411,510118,MEN'S CASUAL TROUSERS,2,109.929,106.039,0.803,0.42,0.648
202411,510120,MEN'S JUMPER OR SWEATSHIRT,2,106.636,102.672,0.574,0.3,0.463
202411,510122,MEN'S TRACKSUIT/JOGGIN BOTTOMS,2,99.851,97.995,0.459,0.24,0.371
202411,510124,MENS SHORTS NOT SWIMWEAR,2,112.846,104.877,0.459,0.24,0.371
202411,510126,MENS BRANDED T-SHIRT,2,102.796,100.835,0.574,0.3,0.463
202411,510127,MENS OFFICIAL FOOTBALL SHIRT,2,95.485,92.047,0.459,0.24,0.371
202411,510128,MEN'S BRANDED SPORT SWEATSHIRT,2,112.685,110.752,0.574,0.3,0.463
202411,510130,MENS 3/4 TO FULL LENGTH COAT,2,116.672,108.865,0.574,0.3,0.463
202411,510131,MENS CASUAL SHIRT,2,109.66,105.078,0.689,0.36,0.556
202411,510132,MEN'S T-SHIRT SHORT SLEEVED,2,102.386,99.014,0.574,0.3,0.463
202411,510133,MENS LOUNGEWEAR BOTTOMS,2,110.15,105.201,0.344,0.18,0.278
202411,510134,MENS FORMAL JACKET/BLAZER,2,111.399,106.774,1.033,0.54,0.834
202411,510206,WOMENS BLOUSE/SHIRT 1,2,117.241,110.235,0.713,0.44,0.576
202411,510208,WOMEN'S FORMAL JACKET,2,127.999,117.542,0.713,0.44,0.576
202411,510212,WOMEN'S JUMPER,2,115.359,106.565,0.891,0.55,0.719
202411,510215,WOMENS BASIC PLAIN T-SHIRT,2,119.748,106.956,0.891,0.55,0.719
202411,510219,WOMEN'S CASUAL OUTER JACKET,2,116.344,107.014,0.713,0.44,0.576
202411,510223,WOMEN'S LONG SLV TOP-NT BLOUSE,2,125.587,110.611,0.535,0.33,0.432
202411,510233,WOMEN'S CARDIGAN,2,126.76,117.065,0.891,0.55,0.719
202411,510235,WOMEN'S TROUSERS-CASUAL,2,116.109,109.51,1.783,1.1,1.439
202411,510236,WOMEN'S TROUSERS-FORMAL,2,110.774,103.949,0.891,0.55,0.719
202411,510237,WOMEN'S SKIRT: CASUAL,2,121.448,111.034,0.713,0.44,0.576
202411,510238,WOMEN'S SKIRT: WORK/FORMAL,2,134.796,122.004,1.07,0.66,0.863
202411,510244,WOMEN'S VEST/STRAPPY TOP,2,110.838,102.047,0.535,0.33,0.432
202411,510245,WOMENS DRESS DRESS 1,2,127.717,119.049,1.783,1.1,1.439
202411,510246,WOMENS SHORT SLEEVE SPORTS TOP,2,114.068,109.336,0.357,0.22,0.288
202411,510248,WOMEN'S JEANS- OWN BRAND,2,101.04,98.971,0.535,0.33,0.432
202411,510249,WOMEN'S JEANS- BRANDED,2,111.044,102.931,0.535,0.33,0.432
202411,510250,WOMEN'S COAT - SEE HELP SCREEN,2,121.086,111.722,0.713,0.44,0.576
202411,510254,WOMENS SPORTSWEAR SHORTS,2,94.375,91.374,0.357,0.22,0.288
202411,510255,WOMEN'S SWIMWEAR,2,109.174,106.894,0.178,0.11,0.144
202411,510256,WOMEN'S SHOWERPROOF JACKET,2,103.093,98.929,0.713,0.44,0.576
202411,510257,WOMENS BLOUSE / SHIRT 2,2,122.507,112.654,0.535,0.33,0.432
202411,510258,WOMENS LEGGINGS FULL LENGTH,2,116.791,105.431,0.357,0.22,0.288
202411,510259,WOMENS SHORT SLEEVE FORMAL TOP,2,136.586,119.56,0.891,0.55,0.719
202411,510260,WOMENS EXERCISE LEGGINGS,2,94.643,92.3,0.357,0.22,0.288
202411,510261,WOMEN'S SWEATSHIRT,2,116.436,111.261,0.178,0.11,0.144
202411,510324,TROUSERS  FOR SCHOOL 5-13 YRS,2,118.725,111.67,0.843,0.3,0.68
202411,510328,BOYS JEANS (5-13 YEARS),2,104.332,101.664,0.843,0.3,0.68
202411,510330,BABY SLEEPSUIT LONG SLEEVE,2,112.693,106.731,0.421,0.15,0.34
202411,510336,GIRLS SKIRT FOR SCHOOL 5-13YRS,2,117.051,109.467,0.674,0.24,0.544
202411,510340,GIRLS FASHION TOP 12-13 YEARS,2,109.421,101.123,0.674,0.24,0.544
202411,510344,GIRLS TROUSERS NOT DENIM 5-13,2,109.651,101.78,0.674,0.24,0.544
202411,510347,GIRLS JACKET (5-13 YEARS),2,131.744,116.971,0.674,0.24,0.544
202411,510348,BOYS T-SHIRT 3-13 YEARS,2,97.599,94.718,0.843,0.3,0.68
202411,510349,GIRLS LEGGINGS 5-13 YEARS,2,109.249,104.173,0.674,0.24,0.544
202411,510350,BOY'S JUMPER/SWTSHRT/CARDIGAN,2,112.005,104.812,0.843,0.3,0.68
202411,510351,INFANT'S TROUSERS 0-2 YEARS,2,107.01,104.545,0.421,0.15,0.34
202411,510352,INFANT'S JUMPR/SWTSHRT/CARDIGN,2,124.408,98.344,0.421,0.15,0.34
202411,510353,DRESS 0 - 2 YEARS,2,106.274,100.739,0.421,0.15,0.34
202411,510402,MEN'S PANTS/BOXER SHORTS,2,101.286,99.861,0.612,0.32,0.494
202411,510405,WOMEN'S NIGHTDRESS/PYJAMAS,2,112.967,106.422,0.454,0.28,0.366
202411,510406,WOMEN'S PANTS,2,103.424,102.243,0.454,0.28,0.366
202411,510407,"BRA, CUP SIZE A-D RANGE",2,106.71,103.245,0.454,0.28,0.366
202411,510413,MENS SOCKS 1 PAIR,2,101.679,100.276,0.612,0.32,0.494
202411,510415,WOMEN'S TIGHTS,2,101.594,100.596,0.454,0.28,0.366
202411,510419,MEN'S TIE,2,100.425,98.929,0.541,0.08,0.437
202411,510429,KNITTING WOOL-DOUBLE KNIT-100G,1,100.79,101.164,1.7,0.32,1.372
202411,510432,LADY'S SCARF,2,105.082,100.637,1.047,0.2,0.845
202411,510433,MENS BASE LAYER TOP LONG/SHORT,2,105.059,99.808,0.459,0.24,0.371
202411,510434,"HAT/CAP, ADULT",2,99.467,96.935,1.615,0.32,1.304
202411,510435,SPORTS BRA / CROP TOP,2,203.629,200.407,0.389,0.24,0.314
202411,510436,CHILDS PYJAMAS 3 - 13 YRS,2,109.81,105.092,0.45,0.16,0.363
202411,510437,CHILDS PANTS ONE PAIR 3 - 13,1,97.948,98.787,0.45,0.16,0.363
202411,510438,CHILDS SOCKS ONE PAIR UK9,1,97.374,96.682,0.45,0.16,0.363
202411,510439,MENS BELT,2,102.513,101.588,0.541,0.08,0.437
202411,510440,WOMENS SOCK 1 PAIR,2,107.267,103.807,0.454,0.28,0.366
202411,510501,MENS SHOE FORMAL STYLE,2,104.898,102.322,0.354,0.3,0.285
202411,510506,WOMEN'S SANDALS,2,103.478,98.275,0.568,0.25,0.458
202411,510507,BOY'S SHOES,2,99.329,97.851,0.376,0.2,0.304
202411,510508,GIRL'S SHOES SCHOOL,2,105.087,102.436,0.376,0.2,0.304
202411,510515,MEN'S SHOE CASUAL STYLE,2,104.211,102.449,0.354,0.3,0.285
202411,510516,MEN'S TRAINING SHOE-SPORTSWEAR,2,100.851,100.073,0.766,0.65,0.618
202411,510517,WOMEN'S TRAINING SHOES,2,105.12,103.699,1.363,0.6,1.1
202411,510528,CHILD'S TRAINERS-SPORTS,2,110.271,106.448,0.658,0.35,0.531
202411,510529,WOMANS BOOTS,2,108.889,106.204,0.568,0.25,0.458
202411,510530,"WOMEN'S SHOES-FLAT MAX 1"" HEEL",2,107.252,103.835,0.909,0.4,0.733
202411,510533,WOMENS SHOE,2,107.029,103.694,0.909,0.4,0.733
202411,510534,WALKING/HIKING BOOT,2,99.352,97.852,0.707,0.6,0.571
202411,510535,CANVAS FASHION ADULT SHOE/TRAI,2,107.95,103.21,0.589,0.5,0.476
202411,520103,LADY'S UMBRELLA -FOLDING,2,97.656,96.076,0.202,0.4,0.163
202411,520109,LADIES HAND/SHLDER BAG,2,105.105,101.956,0.441,0.32,0.356
202411,520118,FLOWER VASE,2,97.07,95.769,0.876,0.72,0.707
202411,520123,EARRINGS- FASHION,2,108.668,106.552,0.438,0.08,0.354
202411,520130,SOLID GOLD RING 9CT,2,111.48,110.246,2.192,0.4,1.769
202411,520131,GENT'S WATCH- ANALOGUE FACE,2,104.378,102.355,1.462,0.32,1.18
202411,520132,WALL HANGING MIRROR UPTO 1.5SQ,2,107.113,105.38,0.439,0.72,0.354
202411,520134,LUGGAGE TROLLEY CASE - 60-70CM,2,100.211,98.327,0.441,0.32,0.356
202411,520135,DIAMOND SOLITAIRE RING,2,105.793,104.273,2.192,0.4,1.769
202411,520136,PHOTO FRAME,2,105.072,102.307,0.364,0.72,0.294
202411,520137,STERLING SILVER EARRINGS,2,108.177,106.279,0.438,0.08,0.354
202411,520138,SPECTACLE FRAMES WITH LENSE,2,101.743,101.513,1.637,1.12,1.322
202411,520139,DAILY DISPOSABLE SOFT LENSES,2,103.353,102.943,1.403,0.96,1.133
202411,520140,NECKLACE FASHION APX 16/20 INS,2,103.9,102.367,0.877,0.16,0.708
202411,520141,MOBILE PHONE ACCESSORY,2,101.205,98.921,0.508,0.64,0.41
202411,520142,RE-USABLE BOTTLE/MUG ADULT,2,104.997,103.318,0.514,0.4,0.415
202411,520143,SMARTWATCH,2,97.014,95.349,0.412,0.24,0.332
202411,520202,INDIGESTION TABLETS 16-24 PACK,1,106.522,107.3,1.031,0.42,0.832
202411,520207,NHS PRESCRIPTION CHARGES,1,102.591,102.591,1.031,0.42,0.832
202411,520209,TOOTHPASTE (SPECIFY SIZE),1,101.47,100.756,0.973,0.56,0.786
202411,520213,TISSUES-LARGE SIZE BOX,1,90.518,88.507,0.973,0.56,0.786
202411,520215,MOISTURISER FACIAL 50-150ML,2,100.046,97.662,0.73,0.42,0.589
202411,520216,DEODORANT/ANTI PERSPI 50-250ML,1,100.739,102.277,0.73,0.42,0.589
202411,520219,"DISP NAPPIES, SPEC TYPE, 20-60",1,97.825,97.878,0.73,0.42,0.589
202411,520222,MULTI-VITAMINS CAPSULES/TABLET,1,101.367,101.448,1.031,0.42,0.832
202411,520223,MASCARA,2,101.511,100.786,0.73,0.42,0.589
202411,520226,SHAMPOO-250-400ML,1,99.857,98.343,0.73,0.42,0.589
202411,520227,PAIN KILLER TABLETS-16-24 PACK,1,101.049,101.006,1.031,0.42,0.832
202411,520228,PLASTERS-20-40 PACK,1,101.417,101.448,0.365,0.28,0.295
202411,520230,CONDOMS PACK OF 3-14,2,102.344,102.088,0.26,0.28,0.21
202411,520234,PERFUME/FRAGRANCE MEN OR WOMEN,2,100.818,99.399,0.73,0.42,0.589
202411,520235,SUNSCREEN - SPEC SIZE/SPF,2,100.788,100.422,0.73,0.42,0.589
202411,520236,WOMENS HAIR COLOURANT 60-140ML,1,98.982,100.753,0.73,0.42,0.589
202411,520237,HAIR GEL 150-200ML,1,109.986,121.843,0.487,0.28,0.393
202411,520238,SHOWER GEL 150-250ML,1,94.045,94.323,0.73,0.42,0.589
202411,520241,RAZOR CARTRIDGE BLADES,1,101.077,102.976,0.652,0.42,0.526
202411,520242,COLD/FLU DRINK POWDER,1,104.212,103.343,1.031,0.42,0.832
202411,520243,LIQUID FOUNDATION 30-35ML,2,101.024,100.754,0.73,0.42,0.589
202411,520244,TOOTHBRUSH,1,101.693,102.453,0.652,0.42,0.526
202411,520245,ANTIHISTAMINE ALLERGY TABLETS,1,104.109,104.089,1.031,0.42,0.832
202411,520246,LIP GLOSS,2,99.896,99.445,0.73,0.42,0.589
202411,520247,LIQUID SOAP 200-300ML,1,105.01,106.522,0.73,0.42,0.589
202411,520248,CONDITIONER FOR HAIR,1,100.787,101.996,0.73,0.42,0.589
202411,520249,BABY WIPES 50-85,1,96.32,96.738,0.73,0.42,0.589
202411,520250,NAIL VARNISH BOTTLE 6 - 14mls,2,102.729,102.249,0.73,0.42,0.589
202411,520251,COUGH LIQUID BOTTLE 150-200MLS,1,100.908,102.229,1.031,0.42,0.832
202411,520252,BODY M'RISING LOTION 200-400ML,2,102.91,100.845,0.73,0.42,0.589
202411,520253,SELF TANNING PRODUCT,2,96.331,93.909,0.73,0.42,0.589
202411,520255,MOUTHWASH BOTTLE 300-600MLS,1,99.98,99.542,0.973,0.56,0.786
202411,520256,SANITARY TOWELS PACK 10-20,1,101.796,101.694,0.973,0.56,0.786
202411,520301,MAN'S HAIRCUT,2,103.914,103.657,1.415,1.2,1.142
202411,520303,WOMEN'S HRDRESSING-CUT/BLOWDRY,2,105.053,104.817,1.851,1.35,1.494
202411,520305,PRIVATE HEALTH CARE 1,1,104.461,104.461,1.316,1.2,1.062
202411,520306,PRIVATE HEALTH CARE 2,1,112.039,112.039,0.987,0.9,0.797
202411,520311,WOMENS HIGHLIGHTING,2,104.558,104.036,1.029,0.75,0.83
202411,520313,NON-NHS MEDICINE-PHYSIOTHERAPY,2,103.767,103.525,2.039,0.75,1.646
202411,520318,SLIMMING CLUBS,1,100,100,1.109,1.05,0.895
202411,520319,LA SUPPORTED RES IN RET HOMES,1,105.919,105.919,0.016,0,0.013
202411,520321,PRIVATE HEALTH CARE 3,1,104.461,104.461,1.709,0,1.38
202411,520322,PRIVATE HEALTH CARE 4,1,112.039,112.039,1.282,0,1.035
202411,520324,RESIDENTIAL HOME,2,106.93,106.644,0.048,0.3,0.039
202411,520325,NURSING HOME,2,105.156,104.981,2.991,0.3,2.414
202411,520326,PRIVATE DENTAL EXAMINATION,2,104.191,103.767,2.177,2.4,1.757
202411,520327,NHS DENTAL CHARGES,1,103.941,103.941,0.953,1.05,0.769
202411,520328,DENTAL INSURANCE,1,101.572,101.572,1.152,1.05,0.929
202411,520330,SELF PAY OPERATIONS,1,101.73,101.73,2.137,0.75,1.725
202411,520331,BASIC MANICURE,2,106.247,105.599,0.95,0.9,0.767
202411,520332,NON NHS CHIROPRACTOR,2,102.765,102.563,2.039,0.75,1.646
202411,520333,NEXT DAY BOUQUET DELIVERY - UK,1,104.694,104.694,0.266,0.3,0.214
202411,610110,CARAVANS,1,101.83,101.781,1.315,2.55,1.062
202411,610112,MOTORCYCLES,1,101.765,101.512,0.332,0.51,0.268
202411,610113,NEW PETROL/DIESEL CARS,1,101.977,101.977,9.012,10.2,7.274
202411,610114,ELECTRIC/HYBRID CARS,1,101.137,101.137,7.66,8.67,6.183
202411,610115,E BIKE ADULT SPEC GEARS AND WA,2,92.546,91.607,0.332,0.51,0.268
202411,610116,SECOND HAND PETROL CARS,2,100.919,100.919,14.86,17.85,11.994
202411,610117,SECOND HAND DIESEL CARS,2,98.595,98.595,8.916,10.71,7.197
202411,610204,"CAR TYRE, STATE SIZE",2,105.673,104.992,0.828,0.9,0.668
202411,610207,MOTOR-CAR SPARE PARTS,2,104.399,103.924,1.107,0.9,0.893
202411,610221,WINDSCREEN WIPER BLADES,2,99.372,98.357,1.107,0.9,0.893
202411,610227,"CAR MOT TEST FEE, VAT EXEMPT",2,102.08,101.92,1.366,0.72,1.103
202411,610228,ROADSIDE RECOVERY SERVICE,1,97.521,97.411,0.617,0.54,0.498
202411,610231,CAR SERVICE- LOCAL GARAGE,2,105.327,105.055,1.645,1.44,1.328
202411,610232,CAR SERVICE- MAIN DEALER,2,104.168,103.52,1.645,1.44,1.328
202411,610235,CAR REPAIRS MAIN DEALER,2,104.346,104.001,3.907,3.42,3.153
202411,610236,CAR REPAIRS LOCAL GARAGE,2,102.967,102.674,3.701,3.24,2.987
202411,610237,CAR BULB 12 VOLT SPECIFY WATTS,2,103.289,102.553,1.107,0.9,0.893
202411,610238,CAR WASH HAND OR AUTOMATIC,2,105.527,104.867,0.822,0.72,0.664
202411,610241,WHEEL ALIGNMENT,2,104.305,104.023,1.645,1.44,1.328
202411,610242,EXHAUST FITTING FAST FIT,2,105.086,104.287,1.645,1.44,1.328
202411,610303,OIL PER LITRE-MULTIGRADE,1,100.132,99.983,0.4,0.27,0.323
202411,610307,ULTRA LOW SULPHUR DIESEL RPI,1,94.55,94.55,0,9.99,0
202411,610308,ULTRA LOW SULPHUR PETROL RPI,1,96.332,96.332,0,16.74,0
202411,610309,ULTRA LOW SULPHUR DIESEL CPI,1,94.741,94.741,11.865,0,9.577
202411,610310,ULTRA LOW SULPHUR PETROL CPI,1,96.388,96.388,18.598,0,15.011
202411,610409,VEHICLE EXCISE DUTY,1,105.403,105.403,13.207,6.96,10.66
202411,610417,CAR INSURANCE,2,96.565,90.67,2.854,22.04,2.303
202411,620101,LONDON TRANSPORT RAIL FARES,1,101.7,101.7,1.777,0.9,1.434
202411,620105,OTHER UNDERGROUND/METRO FARES,1,100.386,100.386,0.296,0.15,0.239
202411,620106,EURO TUNNEL FARES,1,128.984,128.984,0.483,0.3,0.39
202411,620108,RAIL FARES GB PEAK,1,106.362,106.362,1.773,1.1,1.431
202411,620109,RAIL FARES GB OFF PEAK,1,104.464,104.464,1.773,1.1,1.431
202411,620110,RAIL FARES GB SUPER OFF PEAK,1,105.091,105.091,0.564,0.35,0.455
202411,620111,RAIL FARES GB ADVANCE,1,107.148,107.148,1.45,0.9,1.171
202411,620112,RAIL FARES GB SHORT SEASON,1,104.114,104.114,0.242,0.15,0.195
202411,620113,RAIL FARES NI ALL,1,111.6,111.6,0.081,0.05,0.065
202411,620203,COACH FARES,1,111.081,111.081,0.544,0.4,0.439
202411,620205,BUS FARES,1,103.098,103.098,2.176,1.6,1.756
202411,620302,TAXI FARES,2,104.272,104.243,1.331,0.8,1.075
202411,620303,SELF-DRIVE VAN HIRE,2,101.276,99.975,0.31,0.32,0.25
202411,620304,PUSHCHAIR/STROLLER,2,98.992,97.782,0.169,0.16,0.136
202411,620307,SELF-DRIVE CAR HIRE BASIC 24HR,2,96.984,92.403,0.31,0.32,0.25
202411,620308,MINICAB FARE FOR 2 MILES,1,101.32,101.987,1.331,0.8,1.075
202411,620310,AIR FARES,1,104.045,104.045,5.836,10.56,4.711
202411,620311,SEA FARES,1,99.612,99.612,1.27,0.32,1.025
202411,620313,ROAD TOLLS,1,103.532,103.532,0.146,0.32,0.117
202411,620314,BOATS,2,101.721,101.534,0.817,0.32,0.66
202411,620315,CAR PARK CHARGES,2,105.754,105.041,0.146,0.32,0.117
202411,620317,CHILDS BICYCLE,2,104.713,103.289,0.733,0.64,0.591
202411,620318,ADULT BIKE,2,101.665,100.609,0.733,0.64,0.591
202411,620319,CYCLE HELMET 12+ SPEC ROAD/MOU,2,103.198,102.452,0.655,0.16,0.529
202411,620320,AIRPORT PARKING,2,133.073,126.601,0.073,0.16,0.059
202411,620321,CAR SEAT TODDLER/CHILD,2,95.975,94.951,0.169,0.16,0.136
202411,630122,PC PERIPHERALS,1,92.117,89.937,1.519,0.45,1.226
202411,630127,PERSONAL COMPUTERS (CPI),2,84.798,83.141,0.23,0.15,0.186
202411,630129,LAPTOP COMPUTERS,2,87.462,85.222,1.243,0.81,1.003
202411,630138,DIGITAL RADIO (DAB),2,104.998,102.842,0.197,0.03,0.159
202411,630153,TABLET COMPUTERS,2,90.381,87.968,0.691,0.45,0.557
202411,630156,HEADPHONES/EARPHO SPECIFY TYPE,2,98.14,96.357,0.207,0.27,0.167
202411,630159,"TELEVISION 39"" OR SMALLER",2,97.322,96.662,0.61,0.24,0.492
202411,630160,"TELEVISION 40"" OR LARGER",2,97.553,96.097,0.763,0.3,0.616
202411,630161,DIGITAL MEDIA PLAYER,2,98.322,97.684,0.076,0.03,0.062
202411,630162,PORTABLE SPEAKER,2,96.957,94.847,0.393,0.06,0.317
202411,630163,SMART SPEAKER,1,136.323,134.994,0.203,0.06,0.163
202411,630164,DVD/BLU RAY PLAYER,2,100.473,99.555,0.076,0.03,0.062
202411,630165,PORTABLE DIGITAL MUSIC PLAYER,2,92.504,92.106,0.334,0.03,0.269
202411,630166,SOUNDBAR,2,100.793,98.943,0.393,0.06,0.317
202411,630167,PRINTER,2,109.126,106.389,0.101,0.03,0.082
202411,630223,CDS- PURCH OVER INTERNET,1,122.061,126.162,0.462,0.08,0.373
202411,630224,INTERNET DVDS,1,112.151,113.168,0.635,0.11,0.513
202411,630225,MUSIC DOWNLOADS,1,94.607,94.853,0.404,0.07,0.326
202411,630226,RECORDABLE CD PRICE PER CD,2,103.458,102.725,0.192,0.04,0.155
202411,630228,PRE-RECORDED DVD (FILM),2,112.185,104.437,0.693,0.12,0.559
202411,630230,CD ALBUM (TOP 40),1,95.064,97.147,0.635,0.11,0.513
202411,630232,INTERNET BLU-RAY DISC,1,98.924,96.692,0.231,0.04,0.186
202411,630233,BLU RAY DISC (FILM) FROM CHART,2,102.384,101.775,0.173,0.03,0.14
202411,630234,COMPUTER SOFTWARE,2,93.078,90.521,1.8,0.21,1.453
202411,630235,VINYL ALBUM,2,126.099,132.702,1.097,0.19,0.886
202411,630309,BOXED BOARD GAME: NOT TRAVEL,2,97.184,95.304,0.434,0.16,0.35
202411,630312,CHILD'S PLASTIC DOLL,2,96.859,94.785,0.667,0.4,0.538
202411,630313,MODEL ROAD VEHICLE,1,100.875,100.472,0.667,0.4,0.538
202411,630314,CONSTRUCTION TOY: SPEC KIT NO,2,95.41,93.859,0.534,0.32,0.431
202411,630317,"SLEEPING BAG, ADULT",2,103.091,102.083,0.958,0.24,0.773
202411,630332,CHILD'S SOFT TOY/TEDDY BEAR,2,98.063,96.75,0.534,0.32,0.431
202411,630333,COMPUTER GAMES CONSOLE,1,97.541,97.541,1.084,0.4,0.875
202411,630334,INTERNET COMPUTER GAMES,1,123.581,129.685,0.434,0.16,0.35
202411,630336,FOOTBALL,2,93.897,92.957,1.134,0.24,0.915
202411,630340,CARBON FIBRE FISHING ROD,2,101.125,100.782,1.134,0.24,0.915
202411,630341,PRESCHOOL ACTIVITY TOY,2,94.845,92.992,1.067,0.64,0.861
202411,630342,BEGINNER'S ACOUSTIC GUITAR,2,100.597,99.721,0.505,0.24,0.408
202411,630343,MEN'S FOOTBALL BOOTS,2,100.19,98.601,1.134,0.24,0.915
202411,630345,GOLF BALLS PRICE PER BALL,1,94.989,94.656,1.134,0.24,0.915
202411,630347,CHILD'S BABY DOLL,2,96.1,95.181,0.4,0.24,0.323
202411,630348,WATERSPORTS EQUIPMENT,2,98.122,97.283,3.363,0.24,2.714
202411,630357,SQUASH/TENNIS RACQUET,2,107.19,106.578,1.134,0.24,0.915
202411,630359,DIGITAL DEVELOPMENT PER PRINT,2,104.286,103.63,1.016,0.32,0.82
202411,630365,CRAFT KIT FOR CHILD 5 YRS+,2,98.069,96.436,0.267,0.16,0.215
202411,630368,ELECTRONIC EDUCATIONAL TOY,2,100.506,99.089,0.267,0.16,0.215
202411,630369,CHARCOAL BBQ NOT DISPOSABLE,2,100.625,97.318,0.639,0.16,0.515
202411,630371,INTERCHANGEABLE LENS DIGI CAM,2,104.567,103.952,0.396,0.08,0.319
202411,630372,COMPUTER GAME DOWNLOADS,1,116.534,113.226,0.867,0.32,0.7
202411,630373,JIGSAW MINIMUM 100 PIECES,2,98.74,97.691,0.267,0.16,0.215
202411,630374,CHILDS SCOOTER AGE 5-12 YEARS,2,99.35,98.972,0.4,0.24,0.323
202411,630376,CHILDS SIT & RIDE TOY U'ER 5'S,2,99.429,98.857,0.133,0.08,0.108
202411,630377,ACTION CAMERA,2,83.504,82.499,0.396,0.08,0.319
202411,630378,COMPUTER GAME 1,2,108.182,104.909,0.217,0.08,0.175
202411,630379,COMPUTER GAME 2,2,126.897,120.626,0.217,0.08,0.175
202411,630380,COMPUTER GAME 3,2,107.854,103.559,0.434,0.16,0.35
202411,630381,HAND WEIGHTS FOR HOME EXERCISE,2,103.53,102.817,1.134,0.24,0.915
202411,630382,CRAFT HOBBY KIT ADULT,2,98.911,97.402,0.434,0.16,0.35
202411,630383,COMPUTER GAME ACCESSORY,2,94.102,93.614,0.217,0.08,0.175
202411,630384,SD CARD SINGLE,2,101.266,100.059,0.107,0.16,0.087
202411,630385,USB STICK EACH,2,104.058,103.237,0.107,0.16,0.087
202411,630386,CARD GAME,2,97.809,95.605,0.434,0.16,0.35
202411,630407,SUNDAY NEWSPAPERS,1,109.158,109.158,0.354,0.18,0.286
202411,630408,NATIONAL DAILY NEWSPAPERS,1,106.802,106.802,1.476,0.75,1.191
202411,630412,PERIODICALS,1,115.799,115.799,1.036,0.54,0.836
202411,630425,BOOK-NON-FICTION-HARD-COVER,2,124.168,120.312,1.142,0.27,0.922
202411,630426,BOOK-NON-FICTION-PAPER-BACK,1,106.485,104.249,1.396,0.33,1.127
202411,630434,BOOK ILLUSTRATED FOR UNDER 5,1,101.342,101.718,0.209,0.09,0.169
202411,630435,BOOK - FICTION - HARD COVER,2,136.169,132.965,0.139,0.06,0.113
202411,630436,PROVINCIAL NEWSPAPERS,1,108.49,108.49,0.354,0.18,0.286
202411,630437,BOOK - TEENAGE FICTION,2,99.273,98.115,0.209,0.09,0.169
202411,630438,EBOOKS,1,94.537,92.906,0.032,0.21,0.026
202411,630439,BOOK FICTION P/BACK TOP 10,2,108.45,106.937,0.488,0.21,0.394
202411,630440,"CHILDS BOOK, FICTION 6-12YRS",2,106.396,103.431,0.209,0.09,0.169
202411,630505,GARDEN SPADE,2,100.864,99.664,0.753,0.5,0.608
202411,630507,HOUSEPLANT,1,99.979,100.591,0.309,0.25,0.25
202411,630510,POTTING COMPOST,1,102.263,102.322,0.443,0.35,0.358
202411,630518,CUT FLOWERS-CARNATIONS-STEM,1,103.182,103.558,1.785,1.4,1.441
202411,630519,POTTED SHRUB,2,103.602,101.13,1.423,1.15,1.149
202411,630520,"MOWER ELECTRIC, SPECIFY TYPE",2,98.763,98.04,0.56,0.55,0.452
202411,630524,INTERNET FLOWERS/BOUQUET,1,102.469,102.469,0.3,0.2,0.242
202411,630525,PLANT FOOD 800ML-2LT/500G-1.5K,1,98.425,98.757,0.38,0.3,0.307
202411,630526,"SEEDS,PKT,SPEC VAR(SEASONAL)",1,108.86,106.235,0.371,0.3,0.3
202411,640119,DIGITAL TV MONTHLY SUBS,1,105.694,105.694,3.045,4.42,2.457
202411,640124,TV LICENCE,1,106.604,106.604,5.552,8.06,4.481
202411,640125,TV RENTALS,1,93.095,93.095,0.177,0.13,0.143
202411,640127,DVD RENT/VID ON DEM SUBS SERVS,2,116.418,116.361,0.531,0.39,0.429
202411,640211,HISTORIC MONUMENTS - ADMISSION,1,108.25,108.25,0.389,0.13,0.314
202411,640212,THEATRE ADULT EVES-FRONT STLLS,2,109.193,105.985,3.24,0.91,2.615
202411,640217,ATTRACTIONS,1,104.117,104.117,0.445,0.26,0.359
202411,640219,SWIMMING POOL ADM STND ADULT,1,105.867,105.667,0.498,0.39,0.402
202411,640221,FOOTBALL ADMISSION (GB),1,105.28,105.28,0.668,0.39,0.539
202411,640222,EXERCISE CLASS UPTO 1HR,1,105.457,105.188,0.498,0.39,0.402
202411,640224,TEN-PIN BOWLING PER GAME,1,105.084,105.606,0.498,0.39,0.402
202411,640226,PRIVATE HEALTH CLUB ANNUAL FEE,2,105.831,105.351,1.993,1.56,1.608
202411,640228,LEISURE CLASSES,1,106.62,106.62,3.487,2.73,2.815
202411,640229,GOLF GREEN FEES,1,149.301,142.619,0.498,0.39,0.402
202411,640230,HORSERACING ADMISSIONS,1,105.538,105.538,0.668,0.39,0.539
202411,640234,CINEMA ADMISSION,2,103.142,102.511,1.957,0.39,1.579
202411,640236,LIVE MUSIC,1,109.873,109.873,3.24,0.91,2.615
202411,640238,ADMISSION TO CULTURAL EVENT,1,113.844,113.844,1.168,0.39,0.943
202411,640239,SOCIAL SUBSCRIPTIONS,1,107.505,107.505,2.726,0.91,2.201
202411,640240,LIVERY CHARGES PER WEEK,2,103.275,103.114,2.597,0.39,2.096
202411,640241,MUSIC STREAMING SUBSCRIPTIONS,1,104.369,104.369,0.358,0.52,0.289
202411,640242,GAMES CONSOLES ONLINE SUB SERV,1,98.383,98.796,1.328,1.04,1.072
202411,640243,SOFT PLAY SESSION TIME PERIOD,2,104.095,103.896,0.498,0.39,0.402
202411,640244,CLIMBING WALL SESSION,2,108.945,108.257,0.166,0.13,0.134
202411,640303,FOREIGN HOLIDAYS-INSURANCE,2,105.448,105.225,0.215,0.84,0.173
202411,640304,FOREIGN HOLIDAYS-LATE BOOKING,2,99.935,98.775,4.663,6.72,3.764
202411,640305,FOREIGN HOLIDAYS-SELF CATERING,2,107.818,107.554,8.452,12.18,6.822
202411,640306,FOREIGN HOLIDAYS-HOTELS,2,105.507,105.087,9.909,14.28,7.998
202411,640307,FOREIGN HOLIDAYS-CRUISES,2,102.103,100.575,3.497,5.04,2.823
202411,640308,FOREIGN HOLIDAYS-CITY BREAKS,2,100.461,99.275,1.749,2.52,1.411
202411,640309,FOREIGN HOLIDAYS-COACH HOLIDAY,2,110.829,110.599,0.291,0.42,0.235
202411,640403,YOUTH HOSTEL ASSOCIATION,1,100.253,100.253,1.053,0.15,0.85
202411,640404,UK HOLIDAYS SELF CATERING,2,96.428,95.179,4.407,5.25,3.558
202411,640405,UK HOLIDAYS-EXCL SELF CATERING,2,106.493,105.577,4.996,7.2,4.033
202411,640406,HOTEL 1 NIGHT PRICE,2,125.22,121.765,9.834,2.4,7.938
202411,640407,CPI ACCOMODATION SERVICE PROXY,1,101.052,101.052,16.391,0,13.23
